address,balance_sats,total_received_sats,balance_btc,api_used
1AUNYAoxhQxfsxpwb1Y1d2QsvnGNdV3VW8,0,0,0.00000000,blockcypher
1HguCc9xCH1NWYhbw9FuHgnPBeM5hrTHGz,0,0,0.00000000,blockcypher
1FT5kXu5Gx1akmjoyrbPf8rw244j94V7kP,0,0,0.00000000,blockcypher
1MFJXPhhPBwnmJiN1CpMjEXgk11NEx7g3q,0,0,0.00000000,blockcypher
1E6NyEwvEb5PDTJGwm1WMukKbwm4tAzHye,0,0,0.00000000,blockcypher
123fUNhmjevcRs4BrAkGNVBGSWNjmHqoky,0,0,0.00000000,blockcypher
1DPFt9yqWDiJYLDYxLEaCLN4sBNJ7od89C,0,0,0.00000000,blockcypher
14PUnVBsSCpNHcZAzyxem34B2p83HAda5s,0,0,0.00000000,blockcypher
1EBu63KqXN7LBYMCT4L7xt484YbFm1PY5S,0,0,0.00000000,blockcypher
1G7e2WtudCd5UB4TvBjf9TUpqgMvf5UAmx,0,0,0.00000000,blockcypher
1Gi9q12VRDgi9vSV6mkEhtojEmAv3m4pYd,0,0,0.00000000,blockcypher
16m4XmYZq2VHLZuzRnGbu199oDBLDHiDpV,0,0,0.00000000,blockcypher
18YZQw7SasRCwm7kth4eV2TUFTafP5fmMv,0,0,0.00000000,blockcypher
1MK7Tpn3SsKjs6HwjSs1D1e1818vjR8oxs,0,0,0.00000000,blockcypher
1MbygNYKYVM6oLGVVPkGM5N3FuciJFpNV2,0,0,0.00000000,blockcypher
13ti2knkJSn3HfUgvT7v7i8KCDdV28CPvc,0,0,0.00000000,blockcypher
1GhRXw81Vv8GG2rNbKiyqvxr7GrzJMDPZ5,0,0,0.00000000,blockcypher
1KChqhYSpqL3yLnrBvvqqSpXrVQsSfCScy,0,0,0.00000000,blockcypher
1NV69qpnQtAoP2EZYaToZePHQXCSx7m1uP,0,0,0.00000000,blockcypher
1K4WFfwB6DyzLUsHBX1tZupe9RtnfJWSFi,0,0,0.00000000,blockcypher
