address,confirmed_sats,mempool_sats,total_sats,total_btc
1EBu63KqXN7LBYMCT4L7xt484YbFm1PY5S,-1,-1,-1,-1.00000000
1HguCc9xCH1NWYhbw9FuHgnPBeM5hrTHGz,-1,-1,-1,-1.00000000
1DPFt9yqWDiJYLDYxLEaCLN4sBNJ7od89C,-1,-1,-1,-1.00000000
1AUNYAoxhQxfsxpwb1Y1d2QsvnGNdV3VW8,-1,-1,-1,-1.00000000
123fUNhmjevcRs4BrAkGNVBGSWNjmHqoky,-1,-1,-1,-1.00000000
1MFJXPhhPBwnmJiN1CpMjEXgk11NEx7g3q,-1,-1,-1,-1.00000000
14PUnVBsSCpNHcZAzyxem34B2p83HAda5s,-1,-1,-1,-1.00000000
1E6NyEwvEb5PDTJGwm1WMukKbwm4tAzHye,-1,-1,-1,-1.00000000
1G7e2WtudCd5UB4TvBjf9TUpqgMvf5UAmx,-1,-1,-1,-1.00000000
1FT5kXu5Gx1akmjoyrbPf8rw244j94V7kP,-1,-1,-1,-1.00000000
1Gi9q12VRDgi9vSV6mkEhtojEmAv3m4pYd,-1,-1,-1,-1.00000000
16m4XmYZq2VHLZuzRnGbu199oDBLDHiDpV,-1,-1,-1,-1.00000000
1MK7Tpn3SsKjs6HwjSs1D1e1818vjR8oxs,-1,-1,-1,-1.00000000
18YZQw7SasRCwm7kth4eV2TUFTafP5fmMv,-1,-1,-1,-1.00000000
1MbygNYKYVM6oLGVVPkGM5N3FuciJFpNV2,-1,-1,-1,-1.00000000
13ti2knkJSn3HfUgvT7v7i8KCDdV28CPvc,-1,-1,-1,-1.00000000
1KChqhYSpqL3yLnrBvvqqSpXrVQsSfCScy,-1,-1,-1,-1.00000000
1GhRXw81Vv8GG2rNbKiyqvxr7GrzJMDPZ5,-1,-1,-1,-1.00000000
1NV69qpnQtAoP2EZYaToZePHQXCSx7m1uP,-1,-1,-1,-1.00000000
1K4WFfwB6DyzLUsHBX1tZupe9RtnfJWSFi,-1,-1,-1,-1.00000000
12CiHZT1of1y8ZBcsgJc9M21CsLiLSCe3i,-1,-1,-1,-1.00000000
1H4bYCcx7eBroydzspCy1M5wesFNjDCMSh,-1,-1,-1,-1.00000000
1i5SPGzAuh98KrZ6DNuFAD3QGB9dzDqKF,-1,-1,-1,-1.00000000
1Y6GFfq7L5XDpKNmQXaBijanpoVdfU7vJ,-1,-1,-1,-1.00000000
19tGj4tdNpzRHYjZA58AtPG8SC8Q7d9UcH,-1,-1,-1,-1.00000000
1CumzEJXYuynM4uTAeEXyMnXGFdPfLPJQM,-1,-1,-1,-1.00000000
14U58nz5J67wq74kZgDjARafKrkUfZFgfT,-1,-1,-1,-1.00000000
18YyMXHmvmo3EQ3SH7whaNLobsDfAtkQmH,-1,-1,-1,-1.00000000
15EQUxvWkKRCVEHGtF7GiLQbYSdUcy341p,-1,-1,-1,-1.00000000
13Qq7b62PtUBTugDsoReivVfzUYAL5QdZx,-1,-1,-1,-1.00000000
1KMDh8GsSLdyXrqiik9oE3bhSS4ymU8gem,-1,-1,-1,-1.00000000
1GQbgqS8YR1vtnnPAeVevXGZs6dT6tATHD,-1,-1,-1,-1.00000000
16PX5H9eqwG6GmDSzk2sR1jjSZvRqXmHu2,-1,-1,-1,-1.00000000
16tkFDvxx51CqujnWmFi2Cov9E3nWjd8LQ,-1,-1,-1,-1.00000000
164eZ8mPBQwp5kBLEiewLQ3PYtpK3EbSvU,-1,-1,-1,-1.00000000
1KiYwjB9GccEqdmsnPCuR2269tfz2Qz14C,-1,-1,-1,-1.00000000
1PtcQ4EWsZsoMrQRevZpbgMUdHMWbEAKjU,-1,-1,-1,-1.00000000
16jn5YLf73F4guaZ2DS2765H7XbR7pxQR6,-1,-1,-1,-1.00000000
17Ce7fheCWwQN2jWBfUCPaD8pa9WkJfun4,-1,-1,-1,-1.00000000
1DFLex2xA14hwmAEMt6xeZLvxNCdtgepKm,-1,-1,-1,-1.00000000
1Njcm9PeirbSA4E6Ur6Sri9fJJvk13cgW1,-1,-1,-1,-1.00000000
16cf6Eq2VJTdBixXQi3tzr4vMja3MAUxfj,-1,-1,-1,-1.00000000
1Axdm58XQR96Zufkghcecdom9CPVCUq53v,-1,-1,-1,-1.00000000
1HVio7XcbV7QyQjUyZuzoeDnBrro9wWhDy,-1,-1,-1,-1.00000000
1JjYG3ZpUfHe5aUSsZyRHnuPhcw2xn3HUr,-1,-1,-1,-1.00000000
1Fg2Dh37cwJZumDg6gc2pwGKeNV1pexkqL,-1,-1,-1,-1.00000000
18oNJ87827ZV1kwt1TN42VS6tVs2x9FqVe,-1,-1,-1,-1.00000000
1HuprMfQRWTrSheEc1VjpffhNTqEZ58cPA,-1,-1,-1,-1.00000000
18q3jTkxY9QpojqRwQnNzyVakZy1EaUVoo,-1,-1,-1,-1.00000000
1D8bpaCMn9QcBiCSx81yXfhzyNfbMJyBWL,-1,-1,-1,-1.00000000
1MJyaEoxzHctQ6ywcccEUqvRGzPbNRLXvd,-1,-1,-1,-1.00000000
162y1px2yFFCGkUvyZxR1phXvsvafrx25T,-1,-1,-1,-1.00000000
1FfFhwKBEokkRoSZCxG6XpyuW9NAC4X9ku,-1,-1,-1,-1.00000000
1F892sLt6uManUZW91sbqtQEQ3XwG6hfZf,-1,-1,-1,-1.00000000
1BUgn3GACjXDToB9R5asibbSDjHVJHG4qE,-1,-1,-1,-1.00000000
1LBCjcYwhytyogSqWZHkR21tETnKo3pBvq,-1,-1,-1,-1.00000000
1MFMYy9xCqoVxYCkgLPUpx5EnJV8fF3Ae4,-1,-1,-1,-1.00000000
1E6wziBv9UkJ3cJari5TCJ2x6kxXotvRs9,-1,-1,-1,-1.00000000
16TdvEiPtSoH2v92yin6J9sp2ZubjLwxkT,-1,-1,-1,-1.00000000
1B3WXp4axseE1aU4dZLMkPLmdsnVaq863i,-1,-1,-1,-1.00000000
1HWjTXfbVBYUZjDvrtu8AByzDpnamwjKtJ,-1,-1,-1,-1.00000000
1P7y89XU1QmgtwidpEVG7sasvugvfPT5Ga,-1,-1,-1,-1.00000000
14ne8jNRrqNdKfss84D37xEdJ5qwJhTiwM,-1,-1,-1,-1.00000000
1AvB8nsTFBk7WQYCa9bnRZ7F8UgiMvAitr,-1,-1,-1,-1.00000000
14Ptsg7b9WjTs6KS9kAQBSiqzUL9BKrhm5,-1,-1,-1,-1.00000000
13KswCkDgnp23EwnHwjbeRARLwz4ibEQnN,-1,-1,-1,-1.00000000
16VnrJZHHiXLqTTAZn9kc76T6rLbmZCaRb,-1,-1,-1,-1.00000000
1BC95ZhQv1RYPChVtBD7oUJcsiZvSHSHWx,-1,-1,-1,-1.00000000
1MG5rzJUpjx1oJbQAz8jL9t7c7W1HQzWg,-1,-1,-1,-1.00000000
124285LN8EiuqTbnqwCLYoZucxeWayfsfz,-1,-1,-1,-1.00000000
14gxceUNwCQEdHXme53M7ernPLcpyHBm9d,-1,-1,-1,-1.00000000
17M9ZNQ5TCr9jJRJoghSan8PJC5RQuN9xy,-1,-1,-1,-1.00000000
1CoZ9m316Y2gazywfDUgxfXQkkCRhrnkgh,-1,-1,-1,-1.00000000
1Pgwu24URySgS7veVbn8uMRki2b9Akck1K,-1,-1,-1,-1.00000000
1DPZtY6jvjFkvpvpHo8V7vETKfLBsrjBEq,-1,-1,-1,-1.00000000
16on7vPdDryvH4PDGQdNbxUxHiyqXyN45k,-1,-1,-1,-1.00000000
1JjVrgC27GxLEMcoiQGSx2JoZbsJVSsf2s,-1,-1,-1,-1.00000000
1GppYTi1BGUjngjE5CRLPVMJwS2KygxBhQ,-1,-1,-1,-1.00000000
1HPsPWwKaQNUTE5H1F62Ex5Bz5TrUno8sL,-1,-1,-1,-1.00000000
1EkB2Y1inyYaXmC7KDcYzPGFLDAQdYzjG6,-1,-1,-1,-1.00000000
1JjEUFJSC6TWKPQjXNFJXaFRfZrv4vzBdV,-1,-1,-1,-1.00000000
19JLBMKhsTYCBxYStZ3C3u9DmSwwwhZwbr,-1,-1,-1,-1.00000000
1Dqa7Xf1Do6EmhMDPKBN9b2YEp8qnvaBtR,-1,-1,-1,-1.00000000
1H33rUgU2wTLbZxCbEPAirwfGwjkHu4isE,-1,-1,-1,-1.00000000
1FCvRsKjoa8E2GPh8ZJXBCs13YqDdttjWQ,-1,-1,-1,-1.00000000
1LWqc5Gq4eWLRcVvgSkxvegRU8MEWKzEbq,-1,-1,-1,-1.00000000
18AaYrkixoVzZyQe17kVZ3HN54NamzjJ2M,-1,-1,-1,-1.00000000
1LE5J8DdeMBUUKhFVCxZHF7skeURZJ7UDN,-1,-1,-1,-1.00000000
1J6dBYcNSy8MXk6vDjcNoryLhthDWSMmQp,-1,-1,-1,-1.00000000
17Tmc9dah9dNei4z65MAQ4dcmhSVJH2MzQ,-1,-1,-1,-1.00000000
1Ep61PGPnaiqxydcNvdfhAtPxRSg3y5Y7Z,-1,-1,-1,-1.00000000
1BNWfKTrXRvdgxWfGiWjeMewaXvLDtSEvn,-1,-1,-1,-1.00000000
1Grc6bSaUpRL4vhHaSShvfjwgwPSiMf4ze,-1,-1,-1,-1.00000000
1HW6asMxebwtbWPdnm4CQPTLzivKZ48San,-1,-1,-1,-1.00000000
1EEXRMfjM7AptEP9Xr6hF9X51ui3yzgVwE,-1,-1,-1,-1.00000000
1KSyL54T3ymqAtBuETVZcmvQEe8uN5U29J,-1,-1,-1,-1.00000000
17rrJqV5vKSY12J1abW7FEY3AYYs7jjD5o,-1,-1,-1,-1.00000000
1K6uFqDGcG4eNQvj7LGwimifxxrbm4Zrn5,-1,-1,-1,-1.00000000
1DFCTk4ntZpprkc7utHHBNeV5aG1JWcnND,-1,-1,-1,-1.00000000
1MnsUDJcBUcV8WHdtMCNeRfo8Y4D8gAD4m,-1,-1,-1,-1.00000000
1EeszmnULojM87WvXdWk4d3QgpLsdNL2Qm,-1,-1,-1,-1.00000000
1KG4kw59fDUZTapdioKsyprBwKwkYTZEhB,-1,-1,-1,-1.00000000
1L7LsFiuVoxdzKWweKg7bFAH2LYpTtC4hC,-1,-1,-1,-1.00000000
1Fyu7qnXLjhgM5TXHpc7JZ86LPMcnuEQhr,-1,-1,-1,-1.00000000
175oCSwA6GNiSKi1yfarh1KkAKh8mHB19P,-1,-1,-1,-1.00000000
18ZCSYULazJRgGokjrKJTJnYw4ojQo99BY,-1,-1,-1,-1.00000000
1LtJ5wrpYaCRm3EDoF3RHzZyC15mY1Hfgo,-1,-1,-1,-1.00000000
1FZ6LHrEHghX9K5wmdUa1oM38zbywzh3yL,-1,-1,-1,-1.00000000
1BenF8AjXiXskgEFfvrkSUM3h8Fb768iUq,-1,-1,-1,-1.00000000
1EpweozEig5xkQBCHN2gNKbSPKHXa3JDsV,-1,-1,-1,-1.00000000
1KPnMBaqY8B5TDbomC3k56C5b2QtQMyHEA,-1,-1,-1,-1.00000000
1bQ9aDHFbUqKvAg3MYJGQixyNgR5bKJB6,-1,-1,-1,-1.00000000
1HkFseW5ktSeCPtFUmeWVz63xCZSXi3PVj,-1,-1,-1,-1.00000000
1Eakom2NTWKn4aUV7fE3z6JRHJfoh8yher,-1,-1,-1,-1.00000000
1G8fm1y6nEEwS5uuwWmf6vcxvjKJDT1BYH,-1,-1,-1,-1.00000000
1G5QUSb5thoDMqXPrqpmCLp5sjP2SazyoS,-1,-1,-1,-1.00000000
1MGjcakPrmHn2Y6LZ6K73mZJHdPFSiG73z,-1,-1,-1,-1.00000000
1PKx4SvgVBuujdh72TjiHkwtXhfNJAukQ5,-1,-1,-1,-1.00000000
14HUbETEYAyeR3xjm3PNo6mxWveaCB4Au7,-1,-1,-1,-1.00000000
1DKHByEf5G6Wce8fQw3N8yL3eyRTEZRA5G,-1,-1,-1,-1.00000000
1BXVmzw6F4cy1f3tBi6ZzfDEaP32MGhGs9,-1,-1,-1,-1.00000000
18PaQ5pLwP146iPheNpZSXpveB1qrwZpo5,-1,-1,-1,-1.00000000
1FLMQW4hzAYaMFHb8VbZhoQM2Fe6xEHDqs,-1,-1,-1,-1.00000000
1HsJfCii313BgkyME82DuWGQZk62oQEBDq,-1,-1,-1,-1.00000000
1DhsfjLjFKtfDtA8PHX2zntSJ22ZcqZNdJ,-1,-1,-1,-1.00000000
1jnn8Tx1VpUYH1PbyV8Moc16147kymVoA,-1,-1,-1,-1.00000000
122PBTYaSLxF2J5EZLGZS4hDra9iHLgvkW,-1,-1,-1,-1.00000000
1Mmbi68zWoTju3gnfpMrJdQZmBucXikFrN,-1,-1,-1,-1.00000000
1AFpiuB18VMcFdEzoGP4En8NTe6pBmxDoc,-1,-1,-1,-1.00000000
18sUBFsaKLCeD3jnZ9B8eV4hNK1KDNPywr,-1,-1,-1,-1.00000000
138sYrampmiBTPE2JXXVeJCXxAR381Gcoo,-1,-1,-1,-1.00000000
1Ja1TeGQoeHAXLN2LdnJtgwFr3gmVPeYt3,-1,-1,-1,-1.00000000
1E252ubjgXuWX27yuhyLR5zaa7199AAXY2,-1,-1,-1,-1.00000000
1LRZu5imnT2RKKCNLUWkuzw2RZCUABaNc,-1,-1,-1,-1.00000000
1Jezyk95DveBcdwgzm23D4D4MdNrm2Kf3n,-1,-1,-1,-1.00000000
181zJFCBkYCjYRyzSqLpKMA692KQLMABGA,-1,-1,-1,-1.00000000
1CvpDFEK5G3Bh8C1DN7mBwQeFTjNzwBEpN,-1,-1,-1,-1.00000000
1EKBM3hn7fvbMZhGX3HVGyyRmEB48f7K97,-1,-1,-1,-1.00000000
1H9EEmDeoTm9aYBzeVYmJUcS8UbyMBMXdX,-1,-1,-1,-1.00000000
1Mt8z2SvBumM4oixKZV2S7CnEY1CqpJCF4,-1,-1,-1,-1.00000000
14ZHAnJTPFXUFUTVgGyhLTXcshGXKsYzKG,-1,-1,-1,-1.00000000
1DU9nEe9zhMMSCP1AbXStCNwuVpBtf6uXe,-1,-1,-1,-1.00000000
1AAgeJAD11t2LRS1bA61R7bcZSmaQVnoSw,-1,-1,-1,-1.00000000
1G9WDgm6qXJ5c2RdSZJU4aADyodgY5ALfE,-1,-1,-1,-1.00000000
1JQEZ4bUgmZkz5n6bvtDcrPZdyHWU1FbAP,-1,-1,-1,-1.00000000
1BJiLPLCpEMopYfJFVZbMuw9mDwqeozpFz,-1,-1,-1,-1.00000000
12eJj5wt17XD4mKdJayxmgHGdwgpvdw4HK,-1,-1,-1,-1.00000000
1F5nNW7ghEvTcm2ab4LChb31c5ziKBkFg7,-1,-1,-1,-1.00000000
1NCFzqD6Mq6tzfeJ27xW5xyL2gPr5gLA5e,-1,-1,-1,-1.00000000
1CV6r3hf2RRja4zkvfwgepu6db84GtdW8r,-1,-1,-1,-1.00000000
1CPQYjxqnoruCU2ix6KDqriTLYnksJ8MH4,-1,-1,-1,-1.00000000
1MRVnFnm3CeK5ieRcg3qHc6Tq3hCrssm6p,-1,-1,-1,-1.00000000
1HdZDK3rP4rkbF1UuSCXXtjSzezxGJczZF,-1,-1,-1,-1.00000000
1Fa3sS3ymqqd8AmhuPWKFPv9otH8BqN3F8,-1,-1,-1,-1.00000000
1DoJXdyqtG2cUCpLuqnVGeqhfsnpvhV7xu,-1,-1,-1,-1.00000000
1HDEu8Ldz1BVmSyDDJ1rnA3bRN7N1nUeTb,-1,-1,-1,-1.00000000
1KdDed7Cunvt2Vh8Wi9gft9WCsaoDMYSZW,-1,-1,-1,-1.00000000
1NTsuS8C5qHc8RDRRaPhLSJ8JUCiGfdtQo,-1,-1,-1,-1.00000000
1MjrT9fVXES7P32ZCiAYZrTTqrXYWQUPPQ,-1,-1,-1,-1.00000000
16AKDAsisGxBjgT83Wwrn2jnKzP7npiQAF,-1,-1,-1,-1.00000000
1CxaxDs7tvi5yAsVqErUcQQxaVU6M2WThG,-1,-1,-1,-1.00000000
14edwPSVv66bEniSxWAzGaqwRpP8LoANit,-1,-1,-1,-1.00000000
1EsuQzcso362rvbznVbQdz7nMrFYFL6YG6,-1,-1,-1,-1.00000000
1KEFNAogbmic3yygrth8KCQbDxqTZaq7Q8,-1,-1,-1,-1.00000000
18Uciko7s8jmyNTD3Pvt4XLe5Y8xa555jU,-1,-1,-1,-1.00000000
156NTkpsMgMKWYddYsomdHAc9CUWtSgZvy,-1,-1,-1,-1.00000000
1Nf7AmLuzJK1A4cLzks5umhKCX2kycWAr9,-1,-1,-1,-1.00000000
1AbNz5cKzYpZmt2xHUMyuoLMVA5UVe9tke,-1,-1,-1,-1.00000000
1LERQT716sbpPaUvuBS9ZRkpbv6YprqppH,-1,-1,-1,-1.00000000
18bHaiBHwcrfp9RnHCw2ibY7A6ZjcojY2Y,-1,-1,-1,-1.00000000
13yTdbyFe8qnGeWtqpsdkecPsyoq2cRFyR,-1,-1,-1,-1.00000000
1N7MT9isBzab96k8fMiyFhHz93wEhbRLPz,-1,-1,-1,-1.00000000
1EtHj4hDApbwFGXbUeXBc4U99HSxUoaZey,-1,-1,-1,-1.00000000
1NCpDmBQt4FXXCjpwk9wUiD2RfS5gDFTVp,-1,-1,-1,-1.00000000
18uYDkkTNRcQhJ89TVjXEfaqzZw3Ae8Ue7,-1,-1,-1,-1.00000000
1E8VyBwgW7rV7aftRaDw8QKi8acp25vXmf,-1,-1,-1,-1.00000000
12M3fDvbYjd8uQAdzUEa2Dc43YpQ56KZT9,-1,-1,-1,-1.00000000
17LCp7i6bKKAyRFDdpEfwWHb72Bjs9vCra,-1,-1,-1,-1.00000000
1J96ud5P9qf7EqtEK9wMYRXuXPJfipy2Vr,-1,-1,-1,-1.00000000
1Fd2kAvWCKbRoiFcv96kVCxgraS4UacNwS,-1,-1,-1,-1.00000000
141khHqmK5GxWSAVURRnLhodtVu4xthWhT,-1,-1,-1,-1.00000000
1Mr16aiWbirSijKCW9pKtDEMEhn6SpD2BV,-1,-1,-1,-1.00000000
131S3Jh28RxvLFNDTLXgWWyL8YE2VEqCZ9,-1,-1,-1,-1.00000000
1Hj8AgE1khc2VGvnmJeAaf6cGhpgypiCRB,-1,-1,-1,-1.00000000
1BpawBdvn87pGQWdbLAi6pAy1yXCEGovZV,-1,-1,-1,-1.00000000
1LWRqUrEVEp9WErQcc9XY84CjWWXXdQ87n,-1,-1,-1,-1.00000000
1LGGArC8zzUcMCpa2UaA8sTYe8TkBhEkuj,-1,-1,-1,-1.00000000
19yBw4rdhuEUD5UUuAeyvbY2BPTovxFNXz,-1,-1,-1,-1.00000000
1Jer7ETCoM2Ha9pEZoGDnCW3CPzyS1dS2E,-1,-1,-1,-1.00000000
1LKn5qEmmWBPcDEKxrkFWaYjkFVNsjwfua,-1,-1,-1,-1.00000000
1HHpJZHwSCxtB1mespsiuG3jNqSgSQGVcv,-1,-1,-1,-1.00000000
1EN4XK8GUFp8HcS8mKWRmiGEYjzE3KcNNr,-1,-1,-1,-1.00000000
1FJcUq8fQve8weS9Re887Rp8FSrFr4oebv,-1,-1,-1,-1.00000000
1tSfcVCTrXzGHUo4EudAB2ho38GHiHr9Z,-1,-1,-1,-1.00000000
1EFDNZixBDp6bvHGydCUEyprC3QWaS3i7a,-1,-1,-1,-1.00000000
1KJLgvrSiZCzrYCAShCvhDWeb7q9WL2sVL,-1,-1,-1,-1.00000000
1Pdqp2pioCTySbwYiSsxVbrQUyoeD1w9e,-1,-1,-1,-1.00000000
15bCctBehhFZbvQkgby2mnBsm81NrwrrAz,-1,-1,-1,-1.00000000
13RGiHKrRfq8GPF5PJ9JfBtR4ykj5iG7uX,-1,-1,-1,-1.00000000
1H2gunQ1xz1C6VHfCrPNWNRQ264mvvEMpk,-1,-1,-1,-1.00000000
1C5dAxX9zHtYG61sB6H5FcnidXmPVBBpdm,-1,-1,-1,-1.00000000
15HfJDA3AiytH6z4gcRYrDLuJjh8FHTvx1,-1,-1,-1,-1.00000000
1AyFftwqsPDu5aWdAqXLFsYz2o3jfiECvp,-1,-1,-1,-1.00000000
1C5YaZXY7N13p3RjDRMguLJGtrUMf2ks7D,-1,-1,-1,-1.00000000
1PU9DCQJ5aG6x5W9CYKszZ9dwhkZqq5wVD,-1,-1,-1,-1.00000000
19n1rsmUX1gJUohC8t6iLyNb11NYGVjmz9,-1,-1,-1,-1.00000000
18syDTN1w2o3RdcYB51bkXNqNrpszsC5f6,-1,-1,-1,-1.00000000
15KosoTmWKKbsmpWsy9QJYoDCLqvZNqWPb,-1,-1,-1,-1.00000000
1Ftf5rfe1kjkDNhb6dU2i1KFdbZ1pgo2dG,-1,-1,-1,-1.00000000
1Am7NRn6DXgwsYSBBA6t5rPwjAD9Db8b5V,-1,-1,-1,-1.00000000
1HXkXekf8pWZUQ6Ek71vu73Wa8ohgFH6D,-1,-1,-1,-1.00000000
1C6d5nmPd97rVY4xC8Akfp2wwstyyxrSjn,-1,-1,-1,-1.00000000
1Lw4TSFddcAbtsMgjdT7ppcHMeK39zDMJk,-1,-1,-1,-1.00000000
1JegWXeRAjgsbUxdRwpRfRwD63EurkgmJi,-1,-1,-1,-1.00000000
16AAS8vjaWQQHEVeUiZKYdUE6PSTJJbGSp,-1,-1,-1,-1.00000000
1GsRN4btGcMnaBmBDY4s1Scbu37NXWMBTt,-1,-1,-1,-1.00000000
169fgbxeVsnepwJR3594emeaKu9Lmd6w2u,-1,-1,-1,-1.00000000
14p7GTkf2TfM5pQhaBNBXFiY3vxYt9FRS2,-1,-1,-1,-1.00000000
18v4Y2Kk76nu4r5mLvc8236HKAieGxoQTr,-1,-1,-1,-1.00000000
19CkMb63gNCRab4m26bAw3huswSorZL7e1,-1,-1,-1,-1.00000000
1MDs5ryJAgE82pdFC9e1iSjc6yEYcAA9Ez,-1,-1,-1,-1.00000000
18jbZC6xN9EErQZ1sTnr5CCEUyXpmAZSS6,-1,-1,-1,-1.00000000
1ArgDgRTq5bZtVqvFKz7QfVfCkbXFwGEJe,-1,-1,-1,-1.00000000
13RmKP2SuqVMdsQG9JTYoYYLixPdVDEiSF,-1,-1,-1,-1.00000000
18Hp5H9E5xZBED7HEVpcmL8pCYYsGohfYc,-1,-1,-1,-1.00000000
165sRw2LPbVHfKgYV2ECfk3wA3HKe4pYeQ,-1,-1,-1,-1.00000000
1BCPwdu2TmvWLGua2dzMyiBpS8mnZAQBFg,-1,-1,-1,-1.00000000
1L7h7mymN7w4S3TisoEcuAzAZZRfXaNb1R,-1,-1,-1,-1.00000000
16fuisiqBnX2R4hNyd6MXsHWFnESRBjqZ1,-1,-1,-1,-1.00000000
163EYBm8m9qmYKGqcdjKSG3RnWHMB3eRsY,-1,-1,-1,-1.00000000
1NtZCSxk4LxvjkLkdQrAKFArvFjDUVGg5B,-1,-1,-1,-1.00000000
1NG1AaG7tY53GY4gigzupLh77KcVXRD5oK,-1,-1,-1,-1.00000000
1M4pCzP9prKkgRtZYpGTc6pumLRik34jfz,-1,-1,-1,-1.00000000
1HKWcNqKJy1MspwUNC5jMMyyM8EtpUZD4p,-1,-1,-1,-1.00000000
1H9wPFwDwkq3jRXXp6XyoSJ9agayvpUwBn,-1,-1,-1,-1.00000000
1E6sukEXfveko6pkeUtXp9VzMsdM4U6wxf,-1,-1,-1,-1.00000000
1DPL2oMXqAkrxSJpRoLUsuXqj2UfGWikzQ,-1,-1,-1,-1.00000000
1FoyLvNjTvqYjDSWVWyzvAiDnqvRyYNPXC,-1,-1,-1,-1.00000000
1Pn9SHKQugFFcZtiupUsYK6boFKkvTYk9Y,-1,-1,-1,-1.00000000
12zEbj3F6aZ5X2ZqxQqrKKA6mjxu7XwYV2,-1,-1,-1,-1.00000000
1M5YibZk7PeD8PDAHgya8aNBqn7gaCsWaZ,-1,-1,-1,-1.00000000
18w96jeZu8soKxdzgjDqJNdJJfZGJ593Rf,-1,-1,-1,-1.00000000
1NBx2QEp3imBQuFCe4c1j3amhKaffgqydt,-1,-1,-1,-1.00000000
19XQ5CwDFaa1mSbJpAMHNLmBRRvtd5gtRG,-1,-1,-1,-1.00000000
1Dgo6KZaaBnEXs1mQhywZDqr2UeLmbbBcq,-1,-1,-1,-1.00000000
14UhheQ1tjNpX4GXtbB5kD5s2gmU9PBN3n,-1,-1,-1,-1.00000000
1YJPLoCBUqihJP2TKZ4vHApYHqcJbqz2Z,-1,-1,-1,-1.00000000
1GgsNk8jKiSvGDUVqe5D9hzt44i1KsAgW3,-1,-1,-1,-1.00000000
14Wux8VJer4KPSKxsWXiX1n1i6tgeqjCHS,-1,-1,-1,-1.00000000
1AkyJBaPwq2biS8nxoEoxYbXQqqAwsfmD4,-1,-1,-1,-1.00000000
15Hr3HWhbd3ivDiC6aTf9VRGKbGRR9Xu4E,-1,-1,-1,-1.00000000
1P3Gcigwe8UEs7bG7EgutSofFyxLpPpr42,-1,-1,-1,-1.00000000
1BnbdmWrg1mj5Jck88byvbJhoCpqwR33Vw,-1,-1,-1,-1.00000000
17bq8U9JgSfGQ5KDmqVDWxFMtrKwkQwvh2,-1,-1,-1,-1.00000000
16Qij8dHx78GMzpjzAncuFEkDLcjMNpEFL,-1,-1,-1,-1.00000000
1EqYQsPQfDaBSDQespTuYJ5KgRNYFHqj9z,-1,-1,-1,-1.00000000
17nFyZk9Q514VqoeiRWcWX6vQ1CMh5DtGK,-1,-1,-1,-1.00000000
193bciuEQLf2UAgvKFgqq7huHP8goLUAxu,-1,-1,-1,-1.00000000
1CjA9T27YtTkrH8QjxMyjZXB9fBud4aDeN,-1,-1,-1,-1.00000000
127G9wN7VfKvn6Dd3otZMUrmHVwZmRdoas,-1,-1,-1,-1.00000000
17TAkd6YNk3ugNftLNLDZ3ABURvgSYRrLg,-1,-1,-1,-1.00000000
13nKKuFKXcn7yx1dXqKUctj9riX5d8UbzW,-1,-1,-1,-1.00000000
1CVQx5aUrxzjSRRtYt2PFWQWWqziekcoC8,-1,-1,-1,-1.00000000
1Q1TGzNqvyWmHPghSD12cu5gCGWj76dgwh,-1,-1,-1,-1.00000000
1MBj7i9ZVqW6DJk6XjxtcKNTN7QVB2f1WQ,-1,-1,-1,-1.00000000
1QC5aY5CrMTNdANBHFww65KaWwWRdmvtX8,-1,-1,-1,-1.00000000
1ATbrfqiMjRWNVwshwHg2tdWHhW24TujRT,-1,-1,-1,-1.00000000
1HqX9jwUXVcNuroaYqwuUmB7CX5JQB6uWw,-1,-1,-1,-1.00000000
12ZeFxtXAnKvuguF1bs3u1fVFfKdAWWgQj,-1,-1,-1,-1.00000000
19HdDtSxCER6vSkXpNVgnY2cVdh7VTGpcv,-1,-1,-1,-1.00000000
1CKZG482z817awEDt9MFab8bTRN9PSBpwK,-1,-1,-1,-1.00000000
19igEpd94XEPFdT5FR28HBmKMM3nuFURPx,-1,-1,-1,-1.00000000
1PTwmfgQADpJU2EuJwCW6kxb2885KJfW6n,-1,-1,-1,-1.00000000
12qyAjfado5ffX8vgNNRJzXAg8vJhpmEHq,-1,-1,-1,-1.00000000
16ddiowJfk3a9oiaYEDSEuj7w67uHin2Ut,-1,-1,-1,-1.00000000
19htZFG6h5HYvkg57NHDF2XZjVP9yGJ7yP,-1,-1,-1,-1.00000000
1Cnt7nHWG7EavcPRfa13MyQ35uyAY634LY,-1,-1,-1,-1.00000000
1JB45qPTUNRExjzicXNkbgVzBtdK4yZYuo,-1,-1,-1,-1.00000000
1KcZHnQ9q7RzpNj7iPf9uCsREsCQvAPa52,-1,-1,-1,-1.00000000
1D8mqQK9ZxsCxhmr65jVzr6GLoMj9krzvA,-1,-1,-1,-1.00000000
1KAdAbvVMFs8jPk8rq7onrwXKEzcfswZd3,-1,-1,-1,-1.00000000
1EEQdsiHEHGGGiA9z4yix8QvSmPoGvFFVU,-1,-1,-1,-1.00000000
1QLW2Mzs8gaK9PybKGoH23S8NL8B19jVgC,-1,-1,-1,-1.00000000
1KV1S6zsTJC3ZTLVf16HU3kvwqDc4rHAco,-1,-1,-1,-1.00000000
15jU6Z2SWVC6qHrzSnEupCAWVfRBosnnRt,-1,-1,-1,-1.00000000
1M6sX7L41SaEC2Phcn34YW3Y4F8QnVYT4z,-1,-1,-1,-1.00000000
12qyqvcTHRFxbnwNCSx2QECcGz4abmB3Rc,-1,-1,-1,-1.00000000
1Ac2uD3gG72vujvbaPMRzdxY9XNfptyJe2,-1,-1,-1,-1.00000000
1BJCMcSS6eRvjqQfEy5dSuRcB3adBs5Bz,-1,-1,-1,-1.00000000
182phZSzycxZGyM7drg2EcSTafjEr7HxW8,-1,-1,-1,-1.00000000
14jacxqSKApuyQpojcRy2tvYGwB89kSgfw,-1,-1,-1,-1.00000000
1DbZS87fEfPEe6NWxkR3uq22Xn5HosWWTB,-1,-1,-1,-1.00000000
1Hi97LPfvpqieHEyZdCNgxJDYPKtRYQyad,-1,-1,-1,-1.00000000
1NZsxTBzWTaZ4VWdDwDPRJYKSjbNK54eaY,-1,-1,-1,-1.00000000
1Ntts7EXc3mCpTRPc6wLwDzCqzm8UnzwsY,-1,-1,-1,-1.00000000
1FNFpktfoGVPmhJxXzHDhB7QtboQVfiLAb,-1,-1,-1,-1.00000000
1GEiubTGcgicVArpQJXoSDNHyRTdiz5Nnr,-1,-1,-1,-1.00000000
12ySAzttiRF2rZEwyVhubXbgQjEEcfztDw,-1,-1,-1,-1.00000000
1QAR6pdTY89xGYEafqtzV7K5N9fbGSwqTK,-1,-1,-1,-1.00000000
1K8NtzWCXydmy6NoJKFdNB1dJJMarXzhMz,-1,-1,-1,-1.00000000
1qDSQ9SUvS8dJtuRaKHahTrir8YUTaYFQ,-1,-1,-1,-1.00000000
1NEDwKRRUAVE39L99nR6ruxpVvDBJ95SfA,-1,-1,-1,-1.00000000
1PcBiciSZFGjMtCAtxkPgtrDWr28tD621B,-1,-1,-1,-1.00000000
12anuTDQnJ1wmm2yTo3yuVTbjApCHGXK3i,-1,-1,-1,-1.00000000
1PtGcSoBqdixxZo9QGxRrZMFX5T5h82jfV,-1,-1,-1,-1.00000000
13riaoQaT3QAyEVxkfM6Hg1epBmRLL8gyR,-1,-1,-1,-1.00000000
1K1opEJfvtewmsSkDibF6QfbQgMYekMkCU,-1,-1,-1,-1.00000000
17uXFCJdC9WMQ1qCaGeDdHgV66qdSaVAnn,-1,-1,-1,-1.00000000
17AJEwGGfrt7x61b25mvjmRMgW3ZcdapLj,-1,-1,-1,-1.00000000
1MJTZeTjiKsRA6crswzxiZbN3tMe7s4WqE,-1,-1,-1,-1.00000000
1464P8ZBp92J6GJq48aiqaQBqLtyJk5Pf4,-1,-1,-1,-1.00000000
18P9DjsqqmcfTxqmKmK2cbhY11ne2ddmQT,-1,-1,-1,-1.00000000
1BTtVS4SME1HB6zTsubrwtUzTU6o2vSDM2,-1,-1,-1,-1.00000000
12aiLMrhoAmpdAB7KoDnJFYUXBNK4MxzYz,-1,-1,-1,-1.00000000
15L7JYkPSjjS4FZcjqQ4K6bAimx1rfKvGd,-1,-1,-1,-1.00000000
1FH5csMToWk8vYHyBezEpr8YHna3LXz8TS,-1,-1,-1,-1.00000000
18RciPmcW5xJV8QPPWeKg1VBPwRLtsvzND,-1,-1,-1,-1.00000000
15kpMdRayu6NGsAzYNHbdJnE9pcckATWeT,-1,-1,-1,-1.00000000
13dh8RcAAa71j3En9qo5Nnm1Zjto1Gho5m,-1,-1,-1,-1.00000000
1EVTu2h6HSY4EkcNnenzGC5F14bM5DhiLB,-1,-1,-1,-1.00000000
19hpz6bQtUYi3epXQFp6TZzHpMkqqHQeDk,-1,-1,-1,-1.00000000
1Bqt2QYt9bSTkadASWxXXKv5pC7BAbfKD4,-1,-1,-1,-1.00000000
13vLDJDd3HRjuzCYo56pAkVqtJ1LUpTmB4,-1,-1,-1,-1.00000000
1Dfi6NZk6rr6TkLQY2yVWQMMfwVZWTwMRe,-1,-1,-1,-1.00000000
1BUSVq6v9hnm5PybEgrJgxURmg3uonT1zj,-1,-1,-1,-1.00000000
17bUy24JyFvcJWqQxDtDzWpakoGXwF67Wk,-1,-1,-1,-1.00000000
1EV6FCcBomBRm7CjeMBFsuWk8mk9ZG9Xui,-1,-1,-1,-1.00000000
1Ewptd8dY4e8PgTQbfJQPD2LTHcZFiVRes,-1,-1,-1,-1.00000000
1p8cH3E11VpjyiqJwzrnzC1t75SMLAwGn,-1,-1,-1,-1.00000000
1McwcUzJnQmZ7aiZC924bctF14ACJdkxs9,-1,-1,-1,-1.00000000
1LkgQeLLtVUQ8um4EAgVbjXB4jFL8NDFTG,-1,-1,-1,-1.00000000
1FvGMmxJb4v7P3iD9LPQz9DR8e3uKFssKu,-1,-1,-1,-1.00000000
1FsaWGCjt9btJTPdLh5RkZ3CVaMB4h8xyQ,-1,-1,-1,-1.00000000
1D4CYuSedEKinse7hFqq4YZ7j4EkBfmixP,-1,-1,-1,-1.00000000
1GRFMENfbBio5xU2fBUg2DDb1vd5JvxNQW,-1,-1,-1,-1.00000000
145xUqZD7m7FTdSMLeaLELxXuZ7dd1Uh5b,-1,-1,-1,-1.00000000
14xBYdwXAnGYL7CVADC1Cb6qUh8xdULiWx,-1,-1,-1,-1.00000000
1DvUFyDALoUFKd9c2NKetx4wmCu7uW73sq,-1,-1,-1,-1.00000000
1HToknSF45gBUtwj8sWHEP5NicDKfKBzPT,-1,-1,-1,-1.00000000
18hRRqaeKJmuwT1fkiBRXJBA1U6Y2sthu6,-1,-1,-1,-1.00000000
1MBY3y3WFSYrK1KurcwPSBwwTNEZkG3vMt,-1,-1,-1,-1.00000000
14es5k5jdQTkfdwXdKFFsSv6a5C1JPaJfC,-1,-1,-1,-1.00000000
19DQL4GNpJdNq4FQCQkhEKB6qgk49aGojf,-1,-1,-1,-1.00000000
15AKw1d6mZK7H9JPHfdAyjC61RrfLPUkZD,-1,-1,-1,-1.00000000
1Gsuopi9CqT3Py5Uu39AQ3HZapUBuXG9XF,-1,-1,-1,-1.00000000
1FZ86d8QfJo3idqiWqajhcboSA5BhFYXUc,-1,-1,-1,-1.00000000
1Es7vLwW8wcALhECSzC3aTcwpNJ67X7NWc,-1,-1,-1,-1.00000000
1G4Vr1ytf7QFDfmssYrTEtiPYc1JnP6C2S,-1,-1,-1,-1.00000000
17WZgkCu79N7K26ZX2pvnEFy2Fqw9953hD,-1,-1,-1,-1.00000000
13a92g9FZKZq9b732PBVikQD3yZhqUgXvy,-1,-1,-1,-1.00000000
1HufY3wdvMh8ofNhrQH5brdjdNQZsBi9S7,-1,-1,-1,-1.00000000
1EydtSyWDHE6Ee9Rxs9vP4QfrXxHMZo9JS,-1,-1,-1,-1.00000000
164635jkQbwmUrfqnkWfJYfjtCRX7YKGt1,-1,-1,-1,-1.00000000
1LnFBErdMv1w2VH8B1CkZPJEtC8fmE3vjD,-1,-1,-1,-1.00000000
13LJaqoLC7TjT4foLH2qM3hd2qzCBiP3eA,-1,-1,-1,-1.00000000
1Phuk5bXHRgmoCbwkSPpxtfFACkXCBKLLy,-1,-1,-1,-1.00000000
12ZueebPjME4C9sDUzWuWtmS63STmhgL22,-1,-1,-1,-1.00000000
1LDsYcyLBCaSVV2fnsCfmLy77wYPAePUyV,-1,-1,-1,-1.00000000
1J7V3BLzPdiV7sdEMgSdBjCEBzvDHs61Zu,-1,-1,-1,-1.00000000
1Lp2Wm14xxRNheJY2fZt474RgftFWuaS37,-1,-1,-1,-1.00000000
1JxW4eh85U2CoBmyMpJw9mcKMjpq3wRoiz,-1,-1,-1,-1.00000000
1Dcgpb8cSV7dLMnPne4efwX4GxKQe6iCC,-1,-1,-1,-1.00000000
1GcfxB4RnYZcmX6E4PjsFdnfhCGYSsFHF1,-1,-1,-1,-1.00000000
1HCWYYueRSs9enLZGZgJZh1KqhMHAfswon,-1,-1,-1,-1.00000000
1PoXtKn1fqqkPJXPchLd8uS7DkGBiz5Rzi,-1,-1,-1,-1.00000000
1EjtHnjs6ocQndbPyaPibTV6FmsntZmH1Z,-1,-1,-1,-1.00000000
142HrB4VmPvdRYoVMfBvA6C2EY8PiD97AE,-1,-1,-1,-1.00000000
1CUmh44v5RhptxZrMu1TTHmRVN7T91GLh3,-1,-1,-1,-1.00000000
19FDbwM6NciAX8dKYxM6LrHsREyrTB7Qc,-1,-1,-1,-1.00000000
18CQqKSeN8L2TbJiBArDDUUsJPJTgkPS2R,-1,-1,-1,-1.00000000
1F8KF3AWxYHFp5mHUzi8tG3Y2zH7qdfPgY,-1,-1,-1,-1.00000000
19TM552KDZJK6EqrQqYN6WzW5PHn1VJQgU,-1,-1,-1,-1.00000000
12tnMDu4j1rixzpqvXSLGeJfFtrX1JxS8H,-1,-1,-1,-1.00000000
1LwgXsXLYq1KNapfcjBbrVXoedzJ8ffyFm,-1,-1,-1,-1.00000000
1A5sZdWSNJ1AHNDsjN4Ef5wbBLaXkw642Y,-1,-1,-1,-1.00000000
1KcfPqHY9vrDLEL3zVDU1NT9tKt15Kcihh,-1,-1,-1,-1.00000000
1KpmfSsJofGorswKT8aUyAidz4PjMKesDa,-1,-1,-1,-1.00000000
145aPkLDDhuRCHp4qDvNsRZzB4qkeFpAge,-1,-1,-1,-1.00000000
17PtU2uw9EvACMHqSLxiRgeqXwwqJPvkut,-1,-1,-1,-1.00000000
1Yh1HW14GL4kbYq4aWMYXjA1uKpkZj2tu,-1,-1,-1,-1.00000000
1P9GE8hxKd1DT9g18Uyskb6gdsNyyzGav3,-1,-1,-1,-1.00000000
14aYaGjjjzs11pUJVBNDqJJUAapvwDEVev,-1,-1,-1,-1.00000000
14pVs4MJXiBGhFv69VVj3e1qbAQxChAULN,-1,-1,-1,-1.00000000
19KFdLtarHJ8KQETkqeP5k1Jr5LKEimEqD,-1,-1,-1,-1.00000000
17Asb7HujaLxNoLojZAZDyfaqoynJLfwg8,-1,-1,-1,-1.00000000
15btTmXpFWXc5nTJpH5aom3U4t7XY5gT8T,-1,-1,-1,-1.00000000
1CsS1w3SKAyhyctMWW6VxgG4mjkPBrjbvz,-1,-1,-1,-1.00000000
1PBsyQph4mpqbaqwcMERfwwXzofomE1UJm,-1,-1,-1,-1.00000000
15fsTVyUCGwp4h1V5nMcDqRbqVegi952x8,-1,-1,-1,-1.00000000
1B1NrdYBihvATmqbYZ33T1QxkUFYJxa8bV,-1,-1,-1,-1.00000000
1PpmGkEcs5gnrqfSa8rbfiXhLYFYEvcokM,-1,-1,-1,-1.00000000
1JX28sYzBbMVus2vjp7H8PJk2xepg8L5cy,-1,-1,-1,-1.00000000
1PcgRhBvTcqCrXfxXSHc5tGHbcB8SP3BYs,-1,-1,-1,-1.00000000
1cjDXsSThjQUvfHkcttuwwfK4QUEaWsXz,-1,-1,-1,-1.00000000
1PNshTKAGoJ65ZBrhezQNExb1JtvXkd5Lv,-1,-1,-1,-1.00000000
19W5mLeQq67B4PgDxCHSMarNpLXEEDoeYt,-1,-1,-1,-1.00000000
1CPVPvgqQdvCNivJZTQCGoQhWiC58yEnen,-1,-1,-1,-1.00000000
1YVFeVRNfyifRaUH7FdmoSLpUbKQ5odGZ,-1,-1,-1,-1.00000000
1MHfiFZj81YXUNn3Qa2RHkSMZe15RjP1oz,-1,-1,-1,-1.00000000
153GpRVTiLVtgvNB3nHRyxWNoJ281KE5QP,-1,-1,-1,-1.00000000
18ySTcvmQqheASWhuJN6zCqW6ZfVFaHymr,-1,-1,-1,-1.00000000
1D2vsD9spSbZT2kQYynYP8XJH41bBvA3FS,-1,-1,-1,-1.00000000
1JEARzdNNffEn75CaWwefa7mtsdNtS3GYL,-1,-1,-1,-1.00000000
15mQCGA3eFAe2suU9K3MXkwZtBRzoKeGPU,-1,-1,-1,-1.00000000
12ApfAjHDw6NKsW5S5KzTeBNNp8LyZPKk6,-1,-1,-1,-1.00000000
1Q5gkRwcG4iZXvkP9C6GAYaoxT1ub7KCFP,-1,-1,-1,-1.00000000
1DMUfDFpGmnWCvB7hB24DJSa7YnLGZiXYQ,-1,-1,-1,-1.00000000
1BDoWsGnqW4dMsK5AEQ9uDRvGovKzkVahC,-1,-1,-1,-1.00000000
14nmSw1gPUdKWGFuqYV1CU9FfRLtVtULb3,-1,-1,-1,-1.00000000
1BNeF6EHCd4UpZaUC4P7Kp7LjFiRHJUJSf,-1,-1,-1,-1.00000000
1FgWiGCGdTQePQjdGkphF6UF8HbsUxP4N2,-1,-1,-1,-1.00000000
14PxhhL69S4MoaTRJCZzRWAbxTGCVPqqFy,-1,-1,-1,-1.00000000
1G8s3dVFTjdtiPvaqHZsG4uMqSjBHH8ScC,-1,-1,-1,-1.00000000
1C9jHDSPMgRDYzAg6puab9RYZqCfnYtd4R,-1,-1,-1,-1.00000000
16rGzN1idFryooW1xWZeDu1emea7hASskS,-1,-1,-1,-1.00000000
15aXpefQ93DwozjePeBh8YZv1RoRku54ap,-1,-1,-1,-1.00000000
1KvHvSSG2Qqdg98y8jarqiw3m85ri43ka8,-1,-1,-1,-1.00000000
12EgKG5DHbUuNEYFvuVmcrBfNPTrZdWmGE,-1,-1,-1,-1.00000000
12CYNNXqivTuFdSW6BGhiTvBkyRQpDZQZv,-1,-1,-1,-1.00000000
15FJVbnXW8HCkW619npXNu59Z2cyxzN6u5,-1,-1,-1,-1.00000000
13dps2ycXWjbjQU9ZLXWgoZLGv4KmCwoWq,-1,-1,-1,-1.00000000
1CPRm59Ehe3gf241ZAi7DYFYhSfmskzbZS,-1,-1,-1,-1.00000000
1DGuoZHs5MAqbUbbZ77nWiEa12EC6pGti1,-1,-1,-1,-1.00000000
1Kwiwg3nFGwyqjcray996TkuahFBSqN2Mw,-1,-1,-1,-1.00000000
1LKPNYDpmirVquTiaSoyAXMxAiSgijsKSU,-1,-1,-1,-1.00000000
1Ayexo7y2HKeWGjqUgWvoCKAyanU8YEGAU,-1,-1,-1,-1.00000000
1A4tZoan9inmyRUYNeg19TMVnNzWBkyDdf,-1,-1,-1,-1.00000000
1H4kYRS8ZGxy3rC5zMiQuKkxGPnZb2JjJU,-1,-1,-1,-1.00000000
1D9AEEhbLpzxErgLj9StsdSsHqEvCVvG3Q,-1,-1,-1,-1.00000000
13FWnavs99cS3uRJvL9XRgrPAzZvz6jh62,-1,-1,-1,-1.00000000
1DxprL8AHVr8SGFFBMEM4aWkSR5CNasjpE,-1,-1,-1,-1.00000000
1G5bQzPRi6ZJGykz1gnEg2hdjDoNB8rD2Q,-1,-1,-1,-1.00000000
17cTKhF6Ao1u6PheJZTSYsKxHB8fJ7qWWM,-1,-1,-1,-1.00000000
171oYCLeNV9fNqMtEGDTaGLJ5S9zEmWHoG,-1,-1,-1,-1.00000000
12yG8S4uTypgMUTeNswZoZ8bQ2zaiKvUp9,-1,-1,-1,-1.00000000
19yyKqpi3WcXMuuWc9tB6YQytLAWq1fgCq,-1,-1,-1,-1.00000000
1LhnezRFcatMDDwJMDdg8r8CuNSPQPKN2F,-1,-1,-1,-1.00000000
1GEkYQoa67kdmein6v4LRqms1XMVHspnir,-1,-1,-1,-1.00000000
1DHWQuASHBMHKW9LpbpUcUpbbU15trauiV,-1,-1,-1,-1.00000000
14r8GHH2Vhs5Uko1Mxdk4vvNyFCoutzX3A,-1,-1,-1,-1.00000000
1BcnRQsdUUkSHRw6H8e2EkENU25j2dMbLh,-1,-1,-1,-1.00000000
1866poqYrrNADHuBUGzn8z7DayrH9b8Hie,-1,-1,-1,-1.00000000
1CFuRiXXcgqdR936QkDUmCXGqNVXTNdc93,-1,-1,-1,-1.00000000
1N5vBKv8bPpqBuJLAaVMUzL4GpA8ipFMPT,-1,-1,-1,-1.00000000
19Wi2ptebUAACB4E9SaG9E8hReGfprCZ1J,-1,-1,-1,-1.00000000
1Dro1nHxzdMbRSLKt7iEXzrknGGCoRoc7m,-1,-1,-1,-1.00000000
16SJ5hxYPTQNWPo8VwS8mTTKnQyQhHaMqP,-1,-1,-1,-1.00000000
1GmDe2r5jHb93EPHy1E5qcq53EJdbECuRC,-1,-1,-1,-1.00000000
12XYLXW32NQDp1JKXnmC7ws4qFvj7speTn,-1,-1,-1,-1.00000000
18z7N6Z91CUSVNswDCggX3qE5UwxR3kv1m,-1,-1,-1,-1.00000000
1GpKN655ywGgTn6qT7anLv13M2gWUnUc7S,-1,-1,-1,-1.00000000
1LEjBcrLG61T7myD1ECBps6bMkKa4tVrpU,-1,-1,-1,-1.00000000
1744gUNKjuzQPqaVXzPYfcbYGTiNxx5gBa,-1,-1,-1,-1.00000000
13bDCveH2c7tQL2zsQG1EcvWZpSqPTTQce,-1,-1,-1,-1.00000000
14pxUHtGYNVv7uh8qTEA73a4JATfgjjR1W,-1,-1,-1,-1.00000000
176Taieqr32R1HuDHSnAoAUrWNiADW6Cx7,-1,-1,-1,-1.00000000
1FHrmNTh9BdsNn98RwhsazBh8tEoJcYhEs,-1,-1,-1,-1.00000000
1PhuRqRb4Qj33ozzKuvscgcbmoEUGovURp,-1,-1,-1,-1.00000000
1AjELWGqwok6PnnJDMKtwBMZGC2N5S8jq8,-1,-1,-1,-1.00000000
1NHAYWTB27Ydqk9VDEokGSxgEGXGgtAyxC,-1,-1,-1,-1.00000000
1F6xcPVNEBJ8Ni5nT8PdTEWE9ytNQSX92q,-1,-1,-1,-1.00000000
1PoYAcfUdbvkmMjYF2xKwFRSrFCbT2LXm5,-1,-1,-1,-1.00000000
1CC3bBYzNwM2zdTkRQcyS2Ai48ZPZL6vxE,-1,-1,-1,-1.00000000
1CT3TT3wqYj8ito2PRYk5yRBNYfLXzEoTt,-1,-1,-1,-1.00000000
12aJ2Md25paB1PafPFCzXL14cYX2QrvXPj,-1,-1,-1,-1.00000000
126zoTrmW5mUKQAZ5nLBnL7hDjsBJZKhk2,-1,-1,-1,-1.00000000
1NvCZxqQTQcrbhqgS7DBXBJEEQ5mdDtLK9,-1,-1,-1,-1.00000000
1FzCGR8jqVexZCqhq74tYD3WnryscKTjTh,-1,-1,-1,-1.00000000
1CyDrbnYpnmQsQ71oNA68ERiPXdjvE64J5,-1,-1,-1,-1.00000000
12ssBpYm4Vv6tCTgrCTjNFwRDQhHUXPtVi,-1,-1,-1,-1.00000000
16YKnZPDxXFekde32hdMmo19da8HKMadyZ,-1,-1,-1,-1.00000000
1PfNC3xeSQSyPdS4LZLPJACetuuW85SWMT,-1,-1,-1,-1.00000000
1JvL53tG61cjj9p1dYhCLdTt3BgjixHY6c,-1,-1,-1,-1.00000000
1HTxWhBnABc14B8UGWLxmHb5tVBgeabe4g,-1,-1,-1,-1.00000000
16pJgKmQcfYzStqKTvZsjyUb5FL3k1FBH8,-1,-1,-1,-1.00000000
1GKUB9BABRjATrf8pHi63K4s3Cgq1txWeM,-1,-1,-1,-1.00000000
14Q4c7pU8j4AVr1Myk3e4LZ2xx34JPMoWN,-1,-1,-1,-1.00000000
1ESrkVLfnXq8kAH8D1QFkXCVqxF54XBGmn,-1,-1,-1,-1.00000000
1EjftKzdEwBjAnawSsAsgf49U1oVYPw2xg,-1,-1,-1,-1.00000000
1C2rmns3U1NhdSwooH99Nk1ycmL3mgsCpt,-1,-1,-1,-1.00000000
13qYXYiXBYQMUGSCdcfKP1EDpaxY83EXtm,-1,-1,-1,-1.00000000
1MQpEeyxhQwarhEkZqYhpXzcoBpi5q3gzc,-1,-1,-1,-1.00000000
171VL9pAfbYDjuEvS8skTKRxyVTt9dxdu,-1,-1,-1,-1.00000000
1way1DJtpBzsE1vgowEMc5UyZKhm3tsiC,-1,-1,-1,-1.00000000
18ew2jVsiqGhd24Fceey44rTzGD2pLkxgh,-1,-1,-1,-1.00000000
1BXbv5BxFPR1wEV5ZHTjrRQhngcHdTqSo2,-1,-1,-1,-1.00000000
1GQZ5zwq7NmujwD8QkgvC9HAkjr9xGHAnd,-1,-1,-1,-1.00000000
1EkZf3yq5V494ASx8KtrPRpbt3W5UgUCe,-1,-1,-1,-1.00000000
13T1jjhjXyvaNWu7YTxwu5pBf5kUgRzfdQ,-1,-1,-1,-1.00000000
1JMNpAN7qdsXjPsT628EyDAX9FAGGEMbbq,-1,-1,-1,-1.00000000
1PW8GjvB1xkgaVQ1z4sbXF7ZAdQnc9f7vX,-1,-1,-1,-1.00000000
1PstkR6h45QDvUb41Ni9rpEjd1ozNY3j8h,-1,-1,-1,-1.00000000
1Es4D7GwWhwcCjP3WcHbsgyNsXk9Kjv3pi,-1,-1,-1,-1.00000000
1GGaaCER5Pn8MkCGpuaqHdv1jcsh5PzLzk,-1,-1,-1,-1.00000000
1Aj2JMGtbTgv8rT5sgZnoqghiSLfwmpcY2,-1,-1,-1,-1.00000000
152J6c7SiMxDfcGRSiAba9T2EpcfqjRuAX,-1,-1,-1,-1.00000000
1LaiSZNGFvRptEcDcy9iqynwvCaPB3xLVW,-1,-1,-1,-1.00000000
12CUwPe8BteX34vcoyxkjKJCoBPDvTyo69,-1,-1,-1,-1.00000000
1Dt7kgMhQfnVYTVmdhz41RXLiYu4EJcJiX,-1,-1,-1,-1.00000000
15nEux8Wi4HfNoCFa1NxHqNgM4YtjHjDQr,-1,-1,-1,-1.00000000
